local_path,package,hash
Comp/r-east_gsd_tte.qmd,dplyr,fedd9d00c2944ff00a0e2696ccf048ec
Comp/r-east_gsd_tte.qmd,flextable,e3201bd3a94311654ff35cf2ddc3343e
Comp/r-east_gsd_tte.qmd,gsDesign,4.3.2
Comp/r-east_gsd_tte.qmd,gsDesign2,4.3.2
Comp/r-east_gsd_tte.qmd,knitr,9fcb189926d93c636dea94fbe4f44480
Comp/r-east_gsd_tte.qmd,rmarkdown,df99277f63d01c34e95e3d2f06a79736
Comp/r-east_gsd_tte.qmd,rpact,4.3.2
Comp/r-east_gsd_tte.qmd,tibble,a84e2cc86d07289b3b6f5069df7a004c
Comp/r-east_gsd_tte.qmd,tidyr,915fb7ce036c22a6a33b5a8adb712eb1
Comp/r-sas-python_survey-stats-summary.qmd,gt,4.3.2
Comp/r-sas-python_survey-stats-summary.qmd,packaging,26.0
Comp/r-sas-python_survey-stats-summary.qmd,rmarkdown,df99277f63d01c34e95e3d2f06a79736
Comp/r-sas-python_survey-stats-summary.qmd,sessioninfo,3f9796a8d0a0e8c6eb49a4b029359d1f
Comp/r-sas-python_survey-stats-summary.qmd,setuptools,82.0.0
Comp/r-sas-python_survey-stats-summary.qmd,survey,4.3.2
Comp/r-sas-python_survey-stats-summary.qmd,wheel,0.46.3
Comp/r-sas-summary-stats.qmd,knitr,9fcb189926d93c636dea94fbe4f44480
Comp/r-sas-summary-stats.qmd,rmarkdown,df99277f63d01c34e95e3d2f06a79736
Comp/r-sas-wilcoxon-ranksum_hl.qmd,coin,4084b5070a40ad99dad581ed3b67bd55
Comp/r-sas-wilcoxon-ranksum_hl.qmd,dplyr,fedd9d00c2944ff00a0e2696ccf048ec
Comp/r-sas-wilcoxon-ranksum_hl.qmd,forcats,1a0a9a3d5083d0d573c4214576f1e690
Comp/r-sas-wilcoxon-ranksum_hl.qmd,knitr,9fcb189926d93c636dea94fbe4f44480
Comp/r-sas-wilcoxon-ranksum_hl.qmd,rmarkdown,df99277f63d01c34e95e3d2f06a79736
Comp/r-sas-wilcoxon-ranksum_hl.qmd,sessioninfo,3f9796a8d0a0e8c6eb49a4b029359d1f
Comp/r-sas-wilcoxonsr_HL.qmd,knitr,9fcb189926d93c636dea94fbe4f44480
Comp/r-sas-wilcoxonsr_HL.qmd,rmarkdown,df99277f63d01c34e95e3d2f06a79736
Comp/r-sas_ancova.qmd,knitr,9fcb189926d93c636dea94fbe4f44480
Comp/r-sas_ancova.qmd,rmarkdown,df99277f63d01c34e95e3d2f06a79736
Comp/r-sas_anova.qmd,emmeans,6b0c6fcbdbefe525d2ee713f95880f90
Comp/r-sas_anova.qmd,knitr,9fcb189926d93c636dea94fbe4f44480
Comp/r-sas_anova.qmd,rmarkdown,df99277f63d01c34e95e3d2f06a79736
Comp/r-sas_chi-sq.qmd,rmarkdown,df99277f63d01c34e95e3d2f06a79736
Comp/r-sas_chi-sq.qmd,stats,4.3.2
Comp/r-sas_ci_for_prop.qmd,cardx,4.3.2
Comp/r-sas_ci_for_prop.qmd,rmarkdown,df99277f63d01c34e95e3d2f06a79736
Comp/r-sas_cmh.qmd,dplyr,fedd9d00c2944ff00a0e2696ccf048ec
Comp/r-sas_cmh.qmd,gt,4.3.2
Comp/r-sas_cmh.qmd,knitr,9fcb189926d93c636dea94fbe4f44480
Comp/r-sas_cmh.qmd,purrr,cc8b5d43f90551fa6df0a6be5d640a4f
Comp/r-sas_cmh.qmd,rmarkdown,df99277f63d01c34e95e3d2f06a79736
Comp/r-sas_cmh.qmd,tibble,a84e2cc86d07289b3b6f5069df7a004c
Comp/r-sas_cmh.qmd,tidyr,915fb7ce036c22a6a33b5a8adb712eb1
Comp/r-sas_cmh.qmd,vcdExtra,4.3.2
Comp/r-sas_friedman.qmd,ggpubr,c957612b8bb1ee9ab7b2450d26663e7e
Comp/r-sas_friedman.qmd,rmarkdown,df99277f63d01c34e95e3d2f06a79736
Comp/r-sas_friedman.qmd,rstatix,5045fbb71b143878d8c51975d1d7d56d
Comp/r-sas_friedman.qmd,sessioninfo,3f9796a8d0a0e8c6eb49a4b029359d1f
Comp/r-sas_friedman.qmd,tidyverse,c328568cd14ea89a83bd4ca7f54ae07e
Comp/r-sas_gee.qmd,emmeans,6b0c6fcbdbefe525d2ee713f95880f90
Comp/r-sas_gee.qmd,gee,6633962fa53cc9ff2c1aec45612ff9fc
Comp/r-sas_gee.qmd,geepack,52e17b9435f558bd15c764d1182371d6
Comp/r-sas_gee.qmd,knitr,9fcb189926d93c636dea94fbe4f44480
Comp/r-sas_gee.qmd,multgee,4.3.2
Comp/r-sas_gee.qmd,readxl,8cf9c239b96df1bbb133b74aef77ad0a
Comp/r-sas_gee.qmd,rmarkdown,df99277f63d01c34e95e3d2f06a79736
Comp/r-sas_kruskalwallis.qmd,rmarkdown,df99277f63d01c34e95e3d2f06a79736
Comp/r-sas_logistic-regr.qmd,beeca,4.3.2
Comp/r-sas_logistic-regr.qmd,logistf,64e1b346c543c0b0b4b1de4900ee4c92
Comp/r-sas_logistic-regr.qmd,rmarkdown,df99277f63d01c34e95e3d2f06a79736
Comp/r-sas_logistic-regr.qmd,stats,4.3.2
Comp/r-sas_logistic-regr.qmd,survival,fe42836742a4f065b3f3f5de81fccab9
Comp/r-sas_logistic-regr.qmd,tidyverse,c328568cd14ea89a83bd4ca7f54ae07e
Comp/r-sas_mcnemar.qmd,coin,4084b5070a40ad99dad581ed3b67bd55
Comp/r-sas_mcnemar.qmd,knitr,9fcb189926d93c636dea94fbe4f44480
Comp/r-sas_mcnemar.qmd,rmarkdown,df99277f63d01c34e95e3d2f06a79736
Comp/r-sas_mcnemar.qmd,sessioninfo,3f9796a8d0a0e8c6eb49a4b029359d1f
Comp/r-sas_mcnemar.qmd,vcd,4.3.2
Comp/r-sas_mmrm.qmd,details,4.3.2
Comp/r-sas_mmrm.qmd,dplyr,fedd9d00c2944ff00a0e2696ccf048ec
Comp/r-sas_mmrm.qmd,emmeans,6b0c6fcbdbefe525d2ee713f95880f90
Comp/r-sas_mmrm.qmd,ggplot2,7ad64861e028a777d7d67ff83231b548
Comp/r-sas_mmrm.qmd,glmmTMB,d9397006b6a8205a1e0b0ca3c2f855e3
Comp/r-sas_mmrm.qmd,knitr,9fcb189926d93c636dea94fbe4f44480
Comp/r-sas_mmrm.qmd,lme4,5f0e0456cdabdc82fbf1e4a7dcb5885e
Comp/r-sas_mmrm.qmd,microbenchmark,f9d226d88d4087d817d4e616626ce8e5
Comp/r-sas_mmrm.qmd,mmrm,4.3.2
Comp/r-sas_mmrm.qmd,nlme,ccbb8846be320b627e6aa2b4616a2ded
Comp/r-sas_mmrm.qmd,purrr,cc8b5d43f90551fa6df0a6be5d640a4f
Comp/r-sas_mmrm.qmd,rmarkdown,df99277f63d01c34e95e3d2f06a79736
Comp/r-sas_mmrm.qmd,scales,c5bba8f0d1df8c4b9538a40570798d9b
Comp/r-sas_mmrm.qmd,stringr,960e2ae9e09656611e0b8214ad543207
Comp/r-sas_negbin.qmd,MASS,a56a6365b3fa73293ea8d084be0d9bb0
Comp/r-sas_negbin.qmd,dplyr,fedd9d00c2944ff00a0e2696ccf048ec
Comp/r-sas_negbin.qmd,emmeans,6b0c6fcbdbefe525d2ee713f95880f90
Comp/r-sas_negbin.qmd,rmarkdown,df99277f63d01c34e95e3d2f06a79736
Comp/r-sas_psmatch.qmd,rmarkdown,df99277f63d01c34e95e3d2f06a79736
Comp/r-sas_rbmi_continuous_joint.qmd,knitr,9fcb189926d93c636dea94fbe4f44480
Comp/r-sas_rbmi_continuous_joint.qmd,rmarkdown,df99277f63d01c34e95e3d2f06a79736
Comp/r-sas_recurrent_events.qmd,knitr,9fcb189926d93c636dea94fbe4f44480
Comp/r-sas_recurrent_events.qmd,rmarkdown,df99277f63d01c34e95e3d2f06a79736
Comp/r-sas_summary_skew_kurt.qmd,knitr,9fcb189926d93c636dea94fbe4f44480
Comp/r-sas_summary_skew_kurt.qmd,procs,7b941743d6101b315e73c6652c3246db
Comp/r-sas_summary_skew_kurt.qmd,rmarkdown,df99277f63d01c34e95e3d2f06a79736
Comp/r-sas_survival.qmd,knitr,9fcb189926d93c636dea94fbe4f44480
Comp/r-sas_survival.qmd,rmarkdown,df99277f63d01c34e95e3d2f06a79736
Comp/r-sas_survival.qmd,tibble,a84e2cc86d07289b3b6f5069df7a004c
Comp/r-sas_survival_cif.qmd,rmarkdown,df99277f63d01c34e95e3d2f06a79736
Comp/r-sas_survival_cif.qmd,sessioninfo,3f9796a8d0a0e8c6eb49a4b029359d1f
Comp/r-sas_survival_csh.qmd,rmarkdown,df99277f63d01c34e95e3d2f06a79736
Comp/r-sas_survival_csh.qmd,sessioninfo,3f9796a8d0a0e8c6eb49a4b029359d1f
Comp/r-sas_tipping_point.qmd,knitr,9fcb189926d93c636dea94fbe4f44480
Comp/r-sas_tipping_point.qmd,rmarkdown,df99277f63d01c34e95e3d2f06a79736
Comp/r-sas_tobit.qmd,knitr,9fcb189926d93c636dea94fbe4f44480
Comp/r-sas_tobit.qmd,rmarkdown,df99277f63d01c34e95e3d2f06a79736
Comp/r-sas_ttest_1Sample.qmd,knitr,9fcb189926d93c636dea94fbe4f44480
Comp/r-sas_ttest_1Sample.qmd,procs,7b941743d6101b315e73c6652c3246db
Comp/r-sas_ttest_1Sample.qmd,rmarkdown,df99277f63d01c34e95e3d2f06a79736
Comp/r-sas_ttest_2Sample.qmd,knitr,9fcb189926d93c636dea94fbe4f44480
Comp/r-sas_ttest_2Sample.qmd,rmarkdown,df99277f63d01c34e95e3d2f06a79736
Comp/r-sas_ttest_Paired.qmd,knitr,9fcb189926d93c636dea94fbe4f44480
Comp/r-sas_ttest_Paired.qmd,procs,7b941743d6101b315e73c6652c3246db
Comp/r-sas_ttest_Paired.qmd,rmarkdown,df99277f63d01c34e95e3d2f06a79736
East/gsd-tte.qmd,knitr,9fcb189926d93c636dea94fbe4f44480
East/gsd-tte.qmd,rmarkdown,df99277f63d01c34e95e3d2f06a79736
R/Accelerated_Failure_time_model.qmd,ggplot2,7ad64861e028a777d7d67ff83231b548
R/Accelerated_Failure_time_model.qmd,rmarkdown,df99277f63d01c34e95e3d2f06a79736
R/Accelerated_Failure_time_model.qmd,survival,fe42836742a4f065b3f3f5de81fccab9
R/Accelerated_Failure_time_model.qmd,survminer,eefaa92518b3a23e8831652d8aaf0755
R/Clustering_Knowhow.qmd,cluster,b361779da7f8b129a1859b6cf243ba58
R/Clustering_Knowhow.qmd,dplyr,fedd9d00c2944ff00a0e2696ccf048ec
R/Clustering_Knowhow.qmd,factoextra,4.3.2
R/Clustering_Knowhow.qmd,ggplot2,7ad64861e028a777d7d67ff83231b548
R/Clustering_Knowhow.qmd,knitr,9fcb189926d93c636dea94fbe4f44480
R/Clustering_Knowhow.qmd,readr,9de96463d2117f6ac49980577939dfb3
R/Clustering_Knowhow.qmd,rmarkdown,df99277f63d01c34e95e3d2f06a79736
R/Clustering_Knowhow.qmd,stats,4.3.2
R/PCA_analysis.qmd,factoextra,4.3.2
R/PCA_analysis.qmd,plotly,a1ac5c03ad5ad12b9d1597e00e23c3dd
R/PCA_analysis.qmd,rmarkdown,df99277f63d01c34e95e3d2f06a79736
R/PCA_analysis.qmd,stats,4.3.2
R/Weighted-log-rank.qmd,haven,9171f898db9d9c4c1b2c745adc2c1ef1
R/Weighted-log-rank.qmd,knitr,9fcb189926d93c636dea94fbe4f44480
R/Weighted-log-rank.qmd,nphRCT,4.3.2
R/Weighted-log-rank.qmd,rmarkdown,df99277f63d01c34e95e3d2f06a79736
R/Weighted-log-rank.qmd,sessioninfo,3f9796a8d0a0e8c6eb49a4b029359d1f
R/Weighted-log-rank.qmd,survival,fe42836742a4f065b3f3f5de81fccab9
R/ancova.qmd,broom,8fcc818f3b9887aebaf206f141437cc9
R/ancova.qmd,car,82067bf302d1440b730437693a86406a
R/ancova.qmd,dplyr,fedd9d00c2944ff00a0e2696ccf048ec
R/ancova.qmd,emmeans,6b0c6fcbdbefe525d2ee713f95880f90
R/ancova.qmd,gt,4.3.2
R/ancova.qmd,knitr,9fcb189926d93c636dea94fbe4f44480
R/ancova.qmd,rmarkdown,df99277f63d01c34e95e3d2f06a79736
R/ancova.qmd,rstatix,5045fbb71b143878d8c51975d1d7d56d
R/ancova.qmd,sasLM,2f8e8e88b3267f0d61319e77876eaf90
R/ancova.qmd,sessioninfo,3f9796a8d0a0e8c6eb49a4b029359d1f
R/ancova.qmd,stats,4.3.2
R/ancova.qmd,tibble,a84e2cc86d07289b3b6f5069df7a004c
R/anova.qmd,broom,8fcc818f3b9887aebaf206f141437cc9
R/anova.qmd,car,82067bf302d1440b730437693a86406a
R/anova.qmd,emmeans,6b0c6fcbdbefe525d2ee713f95880f90
R/anova.qmd,knitr,9fcb189926d93c636dea94fbe4f44480
R/anova.qmd,rmarkdown,df99277f63d01c34e95e3d2f06a79736
R/anova.qmd,rstatix,5045fbb71b143878d8c51975d1d7d56d
R/anova.qmd,stats,4.3.2
R/anova.qmd,tidyverse,c328568cd14ea89a83bd4ca7f54ae07e
R/association.qmd,rmarkdown,df99277f63d01c34e95e3d2f06a79736
R/association.qmd,survival,fe42836742a4f065b3f3f5de81fccab9
R/association.qmd,tidyverse,c328568cd14ea89a83bd4ca7f54ae07e
R/binomial_test.qmd,rmarkdown,df99277f63d01c34e95e3d2f06a79736
R/binomial_test.qmd,stats,4.3.2
R/binomial_test.qmd,survival,fe42836742a4f065b3f3f5de81fccab9
R/causal_ps_matching.qmd,MatchIt,4.3.2
R/causal_ps_matching.qmd,dplyr,fedd9d00c2944ff00a0e2696ccf048ec
R/causal_ps_matching.qmd,optmatch,4.3.2
R/causal_ps_matching.qmd,rmarkdown,df99277f63d01c34e95e3d2f06a79736
R/ci_for_prop.qmd,DescTools,22a99741fe397d2102777b56b92891f4
R/ci_for_prop.qmd,cardx,4.3.2
R/ci_for_prop.qmd,rmarkdown,df99277f63d01c34e95e3d2f06a79736
R/ci_for_prop.qmd,tidyverse,c328568cd14ea89a83bd4ca7f54ae07e
R/cmh.qmd,DescTools,22a99741fe397d2102777b56b92891f4
R/cmh.qmd,dplyr,fedd9d00c2944ff00a0e2696ccf048ec
R/cmh.qmd,gt,4.3.2
R/cmh.qmd,rmarkdown,df99277f63d01c34e95e3d2f06a79736
R/cmh.qmd,stats,4.3.2
R/cmh.qmd,tibble,a84e2cc86d07289b3b6f5069df7a004c
R/cmh.qmd,vcd,4.3.2
R/cmh.qmd,vcdExtra,4.3.2
R/correlation.qmd,rmarkdown,df99277f63d01c34e95e3d2f06a79736
R/correlation.qmd,stats,4.3.2
R/correlation.qmd,survival,fe42836742a4f065b3f3f5de81fccab9
R/correlation.qmd,tidyverse,c328568cd14ea89a83bd4ca7f54ae07e
R/count_data_regression.qmd,HSAUR2,4.3.2
R/count_data_regression.qmd,MASS,a56a6365b3fa73293ea8d084be0d9bb0
R/count_data_regression.qmd,dplyr,fedd9d00c2944ff00a0e2696ccf048ec
R/count_data_regression.qmd,rmarkdown,df99277f63d01c34e95e3d2f06a79736
R/count_data_regression.qmd,stats,4.3.2
R/count_data_regression.qmd,tidyverse,c328568cd14ea89a83bd4ca7f54ae07e
R/friedman_test.qmd,broom,8fcc818f3b9887aebaf206f141437cc9
R/friedman_test.qmd,rmarkdown,df99277f63d01c34e95e3d2f06a79736
R/friedman_test.qmd,rstatix,5045fbb71b143878d8c51975d1d7d56d
R/friedman_test.qmd,sessioninfo,3f9796a8d0a0e8c6eb49a4b029359d1f
R/friedman_test.qmd,stats,4.3.2
R/friedman_test.qmd,tidyverse,c328568cd14ea89a83bd4ca7f54ae07e
R/gee.qmd,contrast,2c9b9d83e7932e1b1a37cb849e98b3eb
R/gee.qmd,emmeans,6b0c6fcbdbefe525d2ee713f95880f90
R/gee.qmd,gee,6633962fa53cc9ff2c1aec45612ff9fc
R/gee.qmd,geepack,52e17b9435f558bd15c764d1182371d6
R/gee.qmd,multgee,4.3.2
R/gee.qmd,readxl,8cf9c239b96df1bbb133b74aef77ad0a
R/gee.qmd,rmarkdown,df99277f63d01c34e95e3d2f06a79736
R/gsd-tte.qmd,gsDesign,4.3.2
R/gsd-tte.qmd,gsDesign2,4.3.2
R/gsd-tte.qmd,rmarkdown,df99277f63d01c34e95e3d2f06a79736
R/gsd-tte.qmd,rpact,4.3.2
R/gsd-tte.qmd,tibble,a84e2cc86d07289b3b6f5069df7a004c
R/jonckheere.qmd,DescTools,22a99741fe397d2102777b56b92891f4
R/jonckheere.qmd,ggplot2,7ad64861e028a777d7d67ff83231b548
R/jonckheere.qmd,readr,9de96463d2117f6ac49980577939dfb3
R/jonckheere.qmd,rmarkdown,df99277f63d01c34e95e3d2f06a79736
R/kolmogorov-smirnov_test.qmd,rmarkdown,df99277f63d01c34e95e3d2f06a79736
R/kolmogorov-smirnov_test.qmd,sessioninfo,3f9796a8d0a0e8c6eb49a4b029359d1f
R/kruskal_wallis.qmd,rmarkdown,df99277f63d01c34e95e3d2f06a79736
R/kruskal_wallis.qmd,stats,4.3.2
R/linear-regression.qmd,knitr,9fcb189926d93c636dea94fbe4f44480
R/linear-regression.qmd,rmarkdown,df99277f63d01c34e95e3d2f06a79736
R/logistic_regr.qmd,dplyr,fedd9d00c2944ff00a0e2696ccf048ec
R/logistic_regr.qmd,emmeans,6b0c6fcbdbefe525d2ee713f95880f90
R/logistic_regr.qmd,gmodels,4.3.2
R/logistic_regr.qmd,rmarkdown,df99277f63d01c34e95e3d2f06a79736
R/logistic_regr.qmd,sessioninfo,3f9796a8d0a0e8c6eb49a4b029359d1f
R/logistic_regr.qmd,stats,4.3.2
R/manova.qmd,emmeans,6b0c6fcbdbefe525d2ee713f95880f90
R/manova.qmd,knitr,9fcb189926d93c636dea94fbe4f44480
R/manova.qmd,rmarkdown,df99277f63d01c34e95e3d2f06a79736
R/manova.qmd,stats,4.3.2
R/manova.qmd,tidyverse,c328568cd14ea89a83bd4ca7f54ae07e
R/marginal_homogeneity_tests.qmd,coin,4084b5070a40ad99dad581ed3b67bd55
R/marginal_homogeneity_tests.qmd,rmarkdown,df99277f63d01c34e95e3d2f06a79736
R/marginal_homogeneity_tests.qmd,sessioninfo,3f9796a8d0a0e8c6eb49a4b029359d1f
R/mcnemar.qmd,coin,4084b5070a40ad99dad581ed3b67bd55
R/mcnemar.qmd,rmarkdown,df99277f63d01c34e95e3d2f06a79736
R/mcnemar.qmd,stats,4.3.2
R/mcnemar.qmd,vcd,4.3.2
R/mi_mar_predictive_mean_match.qmd,mice,06f7db6f419c2873337f08d3ceac6187
R/mi_mar_predictive_mean_match.qmd,rmarkdown,df99277f63d01c34e95e3d2f06a79736
R/mi_mar_regression.qmd,mice,06f7db6f419c2873337f08d3ceac6187
R/mi_mar_regression.qmd,rmarkdown,df99277f63d01c34e95e3d2f06a79736
R/mmrm.qmd,emmeans,6b0c6fcbdbefe525d2ee713f95880f90
R/mmrm.qmd,mmrm,4.3.2
R/mmrm.qmd,rmarkdown,df99277f63d01c34e95e3d2f06a79736
R/nonpara_wilcoxon_ranksum.qmd,asht,4.3.2
R/nonpara_wilcoxon_ranksum.qmd,coin,4084b5070a40ad99dad581ed3b67bd55
R/nonpara_wilcoxon_ranksum.qmd,forcats,1a0a9a3d5083d0d573c4214576f1e690
R/nonpara_wilcoxon_ranksum.qmd,rmarkdown,df99277f63d01c34e95e3d2f06a79736
R/nonpara_wilcoxon_ranksum.qmd,stats,4.3.2
R/nonpara_wilcoxon_ranksum.qmd,tidyverse,c328568cd14ea89a83bd4ca7f54ae07e
R/nparestimate.qmd,coin,4084b5070a40ad99dad581ed3b67bd55
R/nparestimate.qmd,rmarkdown,df99277f63d01c34e95e3d2f06a79736
R/nparestimate.qmd,stats,4.3.2
R/rbmi_continuous_joint.qmd,broom,8fcc818f3b9887aebaf206f141437cc9
R/rbmi_continuous_joint.qmd,dplyr,fedd9d00c2944ff00a0e2696ccf048ec
R/rbmi_continuous_joint.qmd,emmeans,6b0c6fcbdbefe525d2ee713f95880f90
R/rbmi_continuous_joint.qmd,gt,4.3.2
R/rbmi_continuous_joint.qmd,labelled,be115c6af900d820c263a73ec8dea03c
R/rbmi_continuous_joint.qmd,mice,06f7db6f419c2873337f08d3ceac6187
R/rbmi_continuous_joint.qmd,mmrm,4.3.2
R/rbmi_continuous_joint.qmd,rbmi,4.3.2
R/rbmi_continuous_joint.qmd,rmarkdown,df99277f63d01c34e95e3d2f06a79736
R/rbmi_continuous_joint.qmd,sessioninfo,3f9796a8d0a0e8c6eb49a4b029359d1f
R/rbmi_continuous_joint.qmd,tidyr,915fb7ce036c22a6a33b5a8adb712eb1
R/recurrent_events.qmd,dplyr,fedd9d00c2944ff00a0e2696ccf048ec
R/recurrent_events.qmd,gt,4.3.2
R/recurrent_events.qmd,knitr,9fcb189926d93c636dea94fbe4f44480
R/recurrent_events.qmd,rmarkdown,df99277f63d01c34e95e3d2f06a79736
R/recurrent_events.qmd,sessioninfo,3f9796a8d0a0e8c6eb49a4b029359d1f
R/recurrent_events.qmd,survival,fe42836742a4f065b3f3f5de81fccab9
R/rounding.qmd,dplyr,fedd9d00c2944ff00a0e2696ccf048ec
R/rounding.qmd,janitor,4.3.2
R/rounding.qmd,rmarkdown,df99277f63d01c34e95e3d2f06a79736
R/rounding.qmd,sessioninfo,3f9796a8d0a0e8c6eb49a4b029359d1f
R/sample_s_equivalence.qmd,SampleSize4ClinicalTrials,4.3.2
R/sample_s_equivalence.qmd,TrialSize,4.3.2
R/sample_s_equivalence.qmd,knitr,9fcb189926d93c636dea94fbe4f44480
R/sample_s_equivalence.qmd,rmarkdown,df99277f63d01c34e95e3d2f06a79736
R/sample_s_superiority.qmd,knitr,9fcb189926d93c636dea94fbe4f44480
R/sample_s_superiority.qmd,pwr,adfa41db3678b41bf9235c514c51799a
R/sample_s_superiority.qmd,rmarkdown,df99277f63d01c34e95e3d2f06a79736
R/sample_s_superiority.qmd,samplesize,4.3.2
R/sample_s_superiority.qmd,stats,4.3.2
R/sample_s_test_of_trends.qmd,knitr,9fcb189926d93c636dea94fbe4f44480
R/sample_s_test_of_trends.qmd,multiCA,4.3.2
R/sample_s_test_of_trends.qmd,rmarkdown,df99277f63d01c34e95e3d2f06a79736
R/sample_size_average_bioequivalence.qmd,PowerTOST,4.3.2
R/sample_size_average_bioequivalence.qmd,data.table,d06cd1a942bb17b607df7d57048d6840
R/sample_size_average_bioequivalence.qmd,knitr,9fcb189926d93c636dea94fbe4f44480
R/sample_size_average_bioequivalence.qmd,purrr,cc8b5d43f90551fa6df0a6be5d640a4f
R/sample_size_average_bioequivalence.qmd,rmarkdown,df99277f63d01c34e95e3d2f06a79736
R/sample_size_non-inferiority.qmd,rmarkdown,df99277f63d01c34e95e3d2f06a79736
R/sample_size_non-inferiority.qmd,rpact,4.3.2
R/summary-stats.qmd,rmarkdown,df99277f63d01c34e95e3d2f06a79736
R/summary-stats.qmd,sessioninfo,3f9796a8d0a0e8c6eb49a4b029359d1f
R/summary_skew_kurt.qmd,e1071,27a09ca40266a1066d62ef5402dd51d6
R/summary_skew_kurt.qmd,knitr,9fcb189926d93c636dea94fbe4f44480
R/summary_skew_kurt.qmd,moments,bb94fd8ee5f7f127eae2bddbff26864d
R/summary_skew_kurt.qmd,procs,7b941743d6101b315e73c6652c3246db
R/summary_skew_kurt.qmd,rmarkdown,df99277f63d01c34e95e3d2f06a79736
R/summary_skew_kurt.qmd,sasLM,2f8e8e88b3267f0d61319e77876eaf90
R/summary_skew_kurt.qmd,sessioninfo,3f9796a8d0a0e8c6eb49a4b029359d1f
R/summary_skew_kurt.qmd,stringr,960e2ae9e09656611e0b8214ad543207
R/summary_skew_kurt.qmd,tibble,a84e2cc86d07289b3b6f5069df7a004c
R/survey-stats-summary.qmd,gt,4.3.2
R/survey-stats-summary.qmd,rmarkdown,df99277f63d01c34e95e3d2f06a79736
R/survey-stats-summary.qmd,sessioninfo,3f9796a8d0a0e8c6eb49a4b029359d1f
R/survey-stats-summary.qmd,survey,4.3.2
R/survival.qmd,broom,8fcc818f3b9887aebaf206f141437cc9
R/survival.qmd,ggsurvfit,4.3.2
R/survival.qmd,haven,9171f898db9d9c4c1b2c745adc2c1ef1
R/survival.qmd,knitr,9fcb189926d93c636dea94fbe4f44480
R/survival.qmd,rmarkdown,df99277f63d01c34e95e3d2f06a79736
R/survival.qmd,sessioninfo,3f9796a8d0a0e8c6eb49a4b029359d1f
R/survival.qmd,survival,fe42836742a4f065b3f3f5de81fccab9
R/survival.qmd,survminer,eefaa92518b3a23e8831652d8aaf0755
R/survival.qmd,tidyverse,c328568cd14ea89a83bd4ca7f54ae07e
R/survival_cif.qmd,ggsurvfit,4.3.2
R/survival_cif.qmd,haven,9171f898db9d9c4c1b2c745adc2c1ef1
R/survival_cif.qmd,knitr,9fcb189926d93c636dea94fbe4f44480
R/survival_cif.qmd,rmarkdown,df99277f63d01c34e95e3d2f06a79736
R/survival_cif.qmd,sessioninfo,3f9796a8d0a0e8c6eb49a4b029359d1f
R/survival_cif.qmd,survival,fe42836742a4f065b3f3f5de81fccab9
R/survival_cif.qmd,tidycmprsk,4.3.2
R/survival_cif.qmd,tidyverse,c328568cd14ea89a83bd4ca7f54ae07e
R/survival_csh.qmd,haven,9171f898db9d9c4c1b2c745adc2c1ef1
R/survival_csh.qmd,knitr,9fcb189926d93c636dea94fbe4f44480
R/survival_csh.qmd,rmarkdown,df99277f63d01c34e95e3d2f06a79736
R/survival_csh.qmd,sessioninfo,3f9796a8d0a0e8c6eb49a4b029359d1f
R/survival_csh.qmd,survival,fe42836742a4f065b3f3f5de81fccab9
R/survival_csh.qmd,tidyverse,c328568cd14ea89a83bd4ca7f54ae07e
R/tipping_point.qmd,dplyr,fedd9d00c2944ff00a0e2696ccf048ec
R/tipping_point.qmd,emmeans,6b0c6fcbdbefe525d2ee713f95880f90
R/tipping_point.qmd,furrr,da7a4c32196cb2262a41dd5a25d486ff
R/tipping_point.qmd,future,475771e3edb711591476be387c9a8c2e
R/tipping_point.qmd,ggplot2,7ad64861e028a777d7d67ff83231b548
R/tipping_point.qmd,gridExtra,7d7f283939f563670a697165b2cf5560
R/tipping_point.qmd,gt,4.3.2
R/tipping_point.qmd,knitr,9fcb189926d93c636dea94fbe4f44480
R/tipping_point.qmd,labelled,be115c6af900d820c263a73ec8dea03c
R/tipping_point.qmd,mice,06f7db6f419c2873337f08d3ceac6187
R/tipping_point.qmd,mmrm,4.3.2
R/tipping_point.qmd,parallelly,ca40f736e4d2dc6981c1dc9d14ea3dcf
R/tipping_point.qmd,purrr,cc8b5d43f90551fa6df0a6be5d640a4f
R/tipping_point.qmd,rbmi,4.3.2
R/tipping_point.qmd,rmarkdown,df99277f63d01c34e95e3d2f06a79736
R/tipping_point.qmd,rstan,8a5b5978f888a3477c116e0395d006f8
R/tipping_point.qmd,sessioninfo,3f9796a8d0a0e8c6eb49a4b029359d1f
R/tipping_point.qmd,tidyr,915fb7ce036c22a6a33b5a8adb712eb1
R/tobit regression.qmd,VGAM,425a07ec335dccb62788ee99d8b8e64a
R/tobit regression.qmd,broom,8fcc818f3b9887aebaf206f141437cc9
R/tobit regression.qmd,censReg,4.3.2
R/tobit regression.qmd,dplyr,fedd9d00c2944ff00a0e2696ccf048ec
R/tobit regression.qmd,emmeans,6b0c6fcbdbefe525d2ee713f95880f90
R/tobit regression.qmd,gt,4.3.2
R/tobit regression.qmd,rmarkdown,df99277f63d01c34e95e3d2f06a79736
R/tobit regression.qmd,sessioninfo,3f9796a8d0a0e8c6eb49a4b029359d1f
R/tobit regression.qmd,stats,4.3.2
R/tobit regression.qmd,survival,fe42836742a4f065b3f3f5de81fccab9
R/ttest_1Sample.qmd,knitr,9fcb189926d93c636dea94fbe4f44480
R/ttest_1Sample.qmd,procs,7b941743d6101b315e73c6652c3246db
R/ttest_1Sample.qmd,rmarkdown,df99277f63d01c34e95e3d2f06a79736
R/ttest_1Sample.qmd,sessioninfo,3f9796a8d0a0e8c6eb49a4b029359d1f
R/ttest_1Sample.qmd,stats,4.3.2
R/ttest_1Sample.qmd,tibble,a84e2cc86d07289b3b6f5069df7a004c
R/ttest_2Sample.qmd,dplyr,fedd9d00c2944ff00a0e2696ccf048ec
R/ttest_2Sample.qmd,knitr,9fcb189926d93c636dea94fbe4f44480
R/ttest_2Sample.qmd,procs,7b941743d6101b315e73c6652c3246db
R/ttest_2Sample.qmd,rmarkdown,df99277f63d01c34e95e3d2f06a79736
R/ttest_2Sample.qmd,sessioninfo,3f9796a8d0a0e8c6eb49a4b029359d1f
R/ttest_2Sample.qmd,stats,4.3.2
R/ttest_2Sample.qmd,tibble,a84e2cc86d07289b3b6f5069df7a004c
R/ttest_Paired.qmd,knitr,9fcb189926d93c636dea94fbe4f44480
R/ttest_Paired.qmd,procs,7b941743d6101b315e73c6652c3246db
R/ttest_Paired.qmd,rmarkdown,df99277f63d01c34e95e3d2f06a79736
R/ttest_Paired.qmd,sessioninfo,3f9796a8d0a0e8c6eb49a4b029359d1f
R/ttest_Paired.qmd,stats,4.3.2
R/ttest_Paired.qmd,tibble,a84e2cc86d07289b3b6f5069df7a004c
R/wilcoxonsr_hodges_lehman.qmd,DOS2,4.3.2
R/wilcoxonsr_hodges_lehman.qmd,MASS,a56a6365b3fa73293ea8d084be0d9bb0
R/wilcoxonsr_hodges_lehman.qmd,broom,8fcc818f3b9887aebaf206f141437cc9
R/wilcoxonsr_hodges_lehman.qmd,coin,4084b5070a40ad99dad581ed3b67bd55
R/wilcoxonsr_hodges_lehman.qmd,knitr,9fcb189926d93c636dea94fbe4f44480
R/wilcoxonsr_hodges_lehman.qmd,rmarkdown,df99277f63d01c34e95e3d2f06a79736
R/wilcoxonsr_hodges_lehman.qmd,stats,4.3.2
R/wilcoxonsr_hodges_lehman.qmd,tidyverse,c328568cd14ea89a83bd4ca7f54ae07e
R/xgboost.qmd,MASS,a56a6365b3fa73293ea8d084be0d9bb0
R/xgboost.qmd,parsnip,ace928adf616e06ece817d970faa2d03
R/xgboost.qmd,rmarkdown,df99277f63d01c34e95e3d2f06a79736
R/xgboost.qmd,rsample,95e0f11d79a7494919c14aa4d8e9e177
R/xgboost.qmd,sessioninfo,3f9796a8d0a0e8c6eb49a4b029359d1f
R/xgboost.qmd,tidyverse,c328568cd14ea89a83bd4ca7f54ae07e
R/xgboost.qmd,xgboost,4.3.2
SAS/ancova.qmd,knitr,9fcb189926d93c636dea94fbe4f44480
SAS/ancova.qmd,rmarkdown,df99277f63d01c34e95e3d2f06a79736
SAS/anova.qmd,knitr,9fcb189926d93c636dea94fbe4f44480
SAS/anova.qmd,rmarkdown,df99277f63d01c34e95e3d2f06a79736
SAS/association.qmd,knitr,9fcb189926d93c636dea94fbe4f44480
SAS/association.qmd,rmarkdown,df99277f63d01c34e95e3d2f06a79736
SAS/ci_for_prop.qmd,knitr,9fcb189926d93c636dea94fbe4f44480
SAS/ci_for_prop.qmd,rmarkdown,df99277f63d01c34e95e3d2f06a79736
SAS/cmh.qmd,knitr,9fcb189926d93c636dea94fbe4f44480
SAS/cmh.qmd,rmarkdown,df99277f63d01c34e95e3d2f06a79736
SAS/count_data_regression.qmd,knitr,9fcb189926d93c636dea94fbe4f44480
SAS/count_data_regression.qmd,rmarkdown,df99277f63d01c34e95e3d2f06a79736
SAS/gee.qmd,knitr,9fcb189926d93c636dea94fbe4f44480
SAS/gee.qmd,rmarkdown,df99277f63d01c34e95e3d2f06a79736
SAS/gsd-tte.qmd,knitr,9fcb189926d93c636dea94fbe4f44480
SAS/gsd-tte.qmd,rmarkdown,df99277f63d01c34e95e3d2f06a79736
SAS/kruskal_wallis.qmd,knitr,9fcb189926d93c636dea94fbe4f44480
SAS/kruskal_wallis.qmd,rmarkdown,df99277f63d01c34e95e3d2f06a79736
SAS/manova.qmd,knitr,9fcb189926d93c636dea94fbe4f44480
SAS/manova.qmd,rmarkdown,df99277f63d01c34e95e3d2f06a79736
SAS/mcnemar.qmd,knitr,9fcb189926d93c636dea94fbe4f44480
SAS/mcnemar.qmd,rmarkdown,df99277f63d01c34e95e3d2f06a79736
SAS/mi_mar_regression.qmd,knitr,9fcb189926d93c636dea94fbe4f44480
SAS/mi_mar_regression.qmd,rmarkdown,df99277f63d01c34e95e3d2f06a79736
SAS/rbmi_continuous_joint_SAS.qmd,knitr,9fcb189926d93c636dea94fbe4f44480
SAS/rbmi_continuous_joint_SAS.qmd,rmarkdown,df99277f63d01c34e95e3d2f06a79736
SAS/recurrent_events.qmd,dplyr,fedd9d00c2944ff00a0e2696ccf048ec
SAS/recurrent_events.qmd,gt,4.3.2
SAS/recurrent_events.qmd,knitr,9fcb189926d93c636dea94fbe4f44480
SAS/recurrent_events.qmd,rmarkdown,df99277f63d01c34e95e3d2f06a79736
SAS/recurrent_events.qmd,survival,fe42836742a4f065b3f3f5de81fccab9
SAS/rmst.qmd,knitr,9fcb189926d93c636dea94fbe4f44480
SAS/rmst.qmd,rmarkdown,df99277f63d01c34e95e3d2f06a79736
SAS/rmst.qmd,sessioninfo,3f9796a8d0a0e8c6eb49a4b029359d1f
SAS/rounding.qmd,rmarkdown,df99277f63d01c34e95e3d2f06a79736
SAS/rounding.qmd,sasquatch,4.3.2
SAS/sample_s_StatXact_test_of_trends.qmd,knitr,9fcb189926d93c636dea94fbe4f44480
SAS/sample_s_StatXact_test_of_trends.qmd,rmarkdown,df99277f63d01c34e95e3d2f06a79736
SAS/sample_s_equivalence.qmd,knitr,9fcb189926d93c636dea94fbe4f44480
SAS/sample_s_equivalence.qmd,rmarkdown,df99277f63d01c34e95e3d2f06a79736
SAS/sample_s_equivalence.qmd,sessioninfo,3f9796a8d0a0e8c6eb49a4b029359d1f
SAS/sample_s_noninferiority.qmd,knitr,9fcb189926d93c636dea94fbe4f44480
SAS/sample_s_noninferiority.qmd,rmarkdown,df99277f63d01c34e95e3d2f06a79736
SAS/sample_s_noninferiority.qmd,sessioninfo,3f9796a8d0a0e8c6eb49a4b029359d1f
SAS/sample_s_superiority.qmd,knitr,9fcb189926d93c636dea94fbe4f44480
SAS/sample_s_superiority.qmd,rmarkdown,df99277f63d01c34e95e3d2f06a79736
SAS/sample_s_superiority.qmd,sessioninfo,3f9796a8d0a0e8c6eb49a4b029359d1f
SAS/summary_skew_kurt.qmd,knitr,9fcb189926d93c636dea94fbe4f44480
SAS/summary_skew_kurt.qmd,rmarkdown,df99277f63d01c34e95e3d2f06a79736
SAS/survey-stats-summary.qmd,gt,4.3.2
SAS/survey-stats-summary.qmd,rmarkdown,df99277f63d01c34e95e3d2f06a79736
SAS/survey-stats-summary.qmd,sessioninfo,3f9796a8d0a0e8c6eb49a4b029359d1f
SAS/survey-stats-summary.qmd,survey,4.3.2
SAS/survival.qmd,knitr,9fcb189926d93c636dea94fbe4f44480
SAS/survival.qmd,rmarkdown,df99277f63d01c34e95e3d2f06a79736
SAS/survival_cif.qmd,knitr,9fcb189926d93c636dea94fbe4f44480
SAS/survival_cif.qmd,rmarkdown,df99277f63d01c34e95e3d2f06a79736
SAS/survival_csh.qmd,knitr,9fcb189926d93c636dea94fbe4f44480
SAS/survival_csh.qmd,rmarkdown,df99277f63d01c34e95e3d2f06a79736
SAS/tipping_point.qmd,knitr,9fcb189926d93c636dea94fbe4f44480
SAS/tipping_point.qmd,rmarkdown,df99277f63d01c34e95e3d2f06a79736
SAS/tobit regression SAS.qmd,knitr,9fcb189926d93c636dea94fbe4f44480
SAS/tobit regression SAS.qmd,rmarkdown,df99277f63d01c34e95e3d2f06a79736
SAS/ttest_1Sample.qmd,knitr,9fcb189926d93c636dea94fbe4f44480
SAS/ttest_1Sample.qmd,rmarkdown,df99277f63d01c34e95e3d2f06a79736
SAS/ttest_2Sample.qmd,knitr,9fcb189926d93c636dea94fbe4f44480
SAS/ttest_2Sample.qmd,rmarkdown,df99277f63d01c34e95e3d2f06a79736
SAS/ttest_Paired.qmd,knitr,9fcb189926d93c636dea94fbe4f44480
SAS/ttest_Paired.qmd,rmarkdown,df99277f63d01c34e95e3d2f06a79736
SAS/wilcoxonsr_HL.qmd,knitr,9fcb189926d93c636dea94fbe4f44480
SAS/wilcoxonsr_HL.qmd,rmarkdown,df99277f63d01c34e95e3d2f06a79736
contribution/get_started.qmd,glue,5899f1eaa825580172bb56c08266f37c
contribution/get_started.qmd,rmarkdown,df99277f63d01c34e95e3d2f06a79736
contribution/package_review.qmd,rmarkdown,df99277f63d01c34e95e3d2f06a79736
index.qmd,gt,4.3.2
index.qmd,rmarkdown,df99277f63d01c34e95e3d2f06a79736
index.qmd,tidyverse,c328568cd14ea89a83bd4ca7f54ae07e
method_summary/sample_s_theory.qmd,knitr,9fcb189926d93c636dea94fbe4f44480
method_summary/sample_s_theory.qmd,rmarkdown,df99277f63d01c34e95e3d2f06a79736
minutes/meetings/2022-12-12.qmd,knitr,9fcb189926d93c636dea94fbe4f44480
minutes/meetings/2022-12-12.qmd,readr,9de96463d2117f6ac49980577939dfb3
minutes/meetings/2022-12-12.qmd,rmarkdown,df99277f63d01c34e95e3d2f06a79736
minutes/meetings/2023-01-23.qmd,knitr,9fcb189926d93c636dea94fbe4f44480
minutes/meetings/2023-01-23.qmd,readr,9de96463d2117f6ac49980577939dfb3
minutes/meetings/2023-01-23.qmd,rmarkdown,df99277f63d01c34e95e3d2f06a79736
minutes/meetings/2023-02-13.qmd,knitr,9fcb189926d93c636dea94fbe4f44480
minutes/meetings/2023-02-13.qmd,readr,9de96463d2117f6ac49980577939dfb3
minutes/meetings/2023-02-13.qmd,rmarkdown,df99277f63d01c34e95e3d2f06a79736
minutes/meetings/2023-03-13.qmd,knitr,9fcb189926d93c636dea94fbe4f44480
minutes/meetings/2023-03-13.qmd,readr,9de96463d2117f6ac49980577939dfb3
minutes/meetings/2023-03-13.qmd,rmarkdown,df99277f63d01c34e95e3d2f06a79736
minutes/meetings/2023-04-17.qmd,knitr,9fcb189926d93c636dea94fbe4f44480
minutes/meetings/2023-04-17.qmd,readr,9de96463d2117f6ac49980577939dfb3
minutes/meetings/2023-04-17.qmd,rmarkdown,df99277f63d01c34e95e3d2f06a79736
minutes/meetings/2023-05-15.qmd,knitr,9fcb189926d93c636dea94fbe4f44480
minutes/meetings/2023-05-15.qmd,readr,9de96463d2117f6ac49980577939dfb3
minutes/meetings/2023-05-15.qmd,rmarkdown,df99277f63d01c34e95e3d2f06a79736
minutes/meetings/2023-06-19.qmd,knitr,9fcb189926d93c636dea94fbe4f44480
minutes/meetings/2023-06-19.qmd,readr,9de96463d2117f6ac49980577939dfb3
minutes/meetings/2023-06-19.qmd,rmarkdown,df99277f63d01c34e95e3d2f06a79736
minutes/meetings/2023-07-10.qmd,knitr,9fcb189926d93c636dea94fbe4f44480
minutes/meetings/2023-07-10.qmd,readr,9de96463d2117f6ac49980577939dfb3
minutes/meetings/2023-07-10.qmd,rmarkdown,df99277f63d01c34e95e3d2f06a79736
minutes/meetings/2023-08-21.qmd,knitr,9fcb189926d93c636dea94fbe4f44480
minutes/meetings/2023-08-21.qmd,readr,9de96463d2117f6ac49980577939dfb3
minutes/meetings/2023-08-21.qmd,rmarkdown,df99277f63d01c34e95e3d2f06a79736
minutes/meetings/2023-09-11.qmd,knitr,9fcb189926d93c636dea94fbe4f44480
minutes/meetings/2023-09-11.qmd,readr,9de96463d2117f6ac49980577939dfb3
minutes/meetings/2023-09-11.qmd,rmarkdown,df99277f63d01c34e95e3d2f06a79736
minutes/meetings/2023-10-09.qmd,knitr,9fcb189926d93c636dea94fbe4f44480
minutes/meetings/2023-10-09.qmd,readr,9de96463d2117f6ac49980577939dfb3
minutes/meetings/2023-10-09.qmd,rmarkdown,df99277f63d01c34e95e3d2f06a79736
minutes/meetings/2023-11-20.qmd,knitr,9fcb189926d93c636dea94fbe4f44480
minutes/meetings/2023-11-20.qmd,readr,9de96463d2117f6ac49980577939dfb3
minutes/meetings/2023-11-20.qmd,rmarkdown,df99277f63d01c34e95e3d2f06a79736
minutes/meetings/2024-01-08.qmd,knitr,9fcb189926d93c636dea94fbe4f44480
minutes/meetings/2024-01-08.qmd,readr,9de96463d2117f6ac49980577939dfb3
minutes/meetings/2024-01-08.qmd,rmarkdown,df99277f63d01c34e95e3d2f06a79736
minutes/meetings/2024-02-12.qmd,knitr,9fcb189926d93c636dea94fbe4f44480
minutes/meetings/2024-02-12.qmd,readr,9de96463d2117f6ac49980577939dfb3
minutes/meetings/2024-02-12.qmd,rmarkdown,df99277f63d01c34e95e3d2f06a79736
minutes/meetings/2024-03-11.qmd,knitr,9fcb189926d93c636dea94fbe4f44480
minutes/meetings/2024-03-11.qmd,readr,9de96463d2117f6ac49980577939dfb3
minutes/meetings/2024-03-11.qmd,rmarkdown,df99277f63d01c34e95e3d2f06a79736
minutes/meetings/2024-04-08.qmd,knitr,9fcb189926d93c636dea94fbe4f44480
minutes/meetings/2024-04-08.qmd,readr,9de96463d2117f6ac49980577939dfb3
minutes/meetings/2024-04-08.qmd,rmarkdown,df99277f63d01c34e95e3d2f06a79736
minutes/meetings/2024-05-13.qmd,knitr,9fcb189926d93c636dea94fbe4f44480
minutes/meetings/2024-05-13.qmd,readr,9de96463d2117f6ac49980577939dfb3
minutes/meetings/2024-05-13.qmd,rmarkdown,df99277f63d01c34e95e3d2f06a79736
minutes/meetings/2024-06-10.qmd,knitr,9fcb189926d93c636dea94fbe4f44480
minutes/meetings/2024-06-10.qmd,readr,9de96463d2117f6ac49980577939dfb3
minutes/meetings/2024-06-10.qmd,rmarkdown,df99277f63d01c34e95e3d2f06a79736
minutes/meetings/2024-07-15.qmd,knitr,9fcb189926d93c636dea94fbe4f44480
minutes/meetings/2024-07-15.qmd,readr,9de96463d2117f6ac49980577939dfb3
minutes/meetings/2024-07-15.qmd,rmarkdown,df99277f63d01c34e95e3d2f06a79736
minutes/meetings/2024-08-12.qmd,knitr,9fcb189926d93c636dea94fbe4f44480
minutes/meetings/2024-08-12.qmd,readr,9de96463d2117f6ac49980577939dfb3
minutes/meetings/2024-08-12.qmd,rmarkdown,df99277f63d01c34e95e3d2f06a79736
minutes/meetings/2024-09-09.qmd,knitr,9fcb189926d93c636dea94fbe4f44480
minutes/meetings/2024-09-09.qmd,readr,9de96463d2117f6ac49980577939dfb3
minutes/meetings/2024-09-09.qmd,rmarkdown,df99277f63d01c34e95e3d2f06a79736
minutes/meetings/2024-10-10.qmd,knitr,9fcb189926d93c636dea94fbe4f44480
minutes/meetings/2024-10-10.qmd,readr,9de96463d2117f6ac49980577939dfb3
minutes/meetings/2024-10-10.qmd,rmarkdown,df99277f63d01c34e95e3d2f06a79736
minutes/meetings/2024-12-09.qmd,knitr,9fcb189926d93c636dea94fbe4f44480
minutes/meetings/2024-12-09.qmd,readr,9de96463d2117f6ac49980577939dfb3
minutes/meetings/2024-12-09.qmd,rmarkdown,df99277f63d01c34e95e3d2f06a79736
minutes/meetings/2025-01-03.qmd,knitr,9fcb189926d93c636dea94fbe4f44480
minutes/meetings/2025-01-03.qmd,readr,9de96463d2117f6ac49980577939dfb3
minutes/meetings/2025-01-03.qmd,rmarkdown,df99277f63d01c34e95e3d2f06a79736
minutes/meetings/2025-02-10.qmd,knitr,9fcb189926d93c636dea94fbe4f44480
minutes/meetings/2025-02-10.qmd,readr,9de96463d2117f6ac49980577939dfb3
minutes/meetings/2025-02-10.qmd,rmarkdown,df99277f63d01c34e95e3d2f06a79736
minutes/meetings/2025-03-10.qmd,knitr,9fcb189926d93c636dea94fbe4f44480
minutes/meetings/2025-03-10.qmd,readr,9de96463d2117f6ac49980577939dfb3
minutes/meetings/2025-03-10.qmd,rmarkdown,df99277f63d01c34e95e3d2f06a79736
minutes/meetings/2025-04-14.qmd,knitr,9fcb189926d93c636dea94fbe4f44480
minutes/meetings/2025-04-14.qmd,readr,9de96463d2117f6ac49980577939dfb3
minutes/meetings/2025-04-14.qmd,rmarkdown,df99277f63d01c34e95e3d2f06a79736
minutes/meetings/2025-05-12.qmd,knitr,9fcb189926d93c636dea94fbe4f44480
minutes/meetings/2025-05-12.qmd,readr,9de96463d2117f6ac49980577939dfb3
minutes/meetings/2025-05-12.qmd,rmarkdown,df99277f63d01c34e95e3d2f06a79736
minutes/meetings/2025-07-14.qmd,knitr,9fcb189926d93c636dea94fbe4f44480
minutes/meetings/2025-07-14.qmd,readr,9de96463d2117f6ac49980577939dfb3
minutes/meetings/2025-07-14.qmd,rmarkdown,df99277f63d01c34e95e3d2f06a79736
minutes/meetings/2025-08-11.qmd,knitr,9fcb189926d93c636dea94fbe4f44480
minutes/meetings/2025-08-11.qmd,readr,9de96463d2117f6ac49980577939dfb3
minutes/meetings/2025-08-11.qmd,rmarkdown,df99277f63d01c34e95e3d2f06a79736
minutes/meetings/2025-09-08.qmd,knitr,9fcb189926d93c636dea94fbe4f44480
minutes/meetings/2025-09-08.qmd,readr,9de96463d2117f6ac49980577939dfb3
minutes/meetings/2025-09-08.qmd,rmarkdown,df99277f63d01c34e95e3d2f06a79736
minutes/meetings/2025-10-13.qmd,knitr,9fcb189926d93c636dea94fbe4f44480
minutes/meetings/2025-10-13.qmd,readr,9de96463d2117f6ac49980577939dfb3
minutes/meetings/2025-10-13.qmd,rmarkdown,df99277f63d01c34e95e3d2f06a79736
minutes/meetings/2025-12-08.qmd,knitr,9fcb189926d93c636dea94fbe4f44480
minutes/meetings/2025-12-08.qmd,readr,9de96463d2117f6ac49980577939dfb3
minutes/meetings/2025-12-08.qmd,rmarkdown,df99277f63d01c34e95e3d2f06a79736
minutes/meetings/2026-01-12.qmd,knitr,9fcb189926d93c636dea94fbe4f44480
minutes/meetings/2026-01-12.qmd,readr,9de96463d2117f6ac49980577939dfb3
minutes/meetings/2026-01-12.qmd,rmarkdown,df99277f63d01c34e95e3d2f06a79736
python/MANOVA.qmd,packaging,26.0
python/MANOVA.qmd,setuptools,82.0.0
python/MANOVA.qmd,wheel,0.46.3
python/Rounding.qmd,packaging,26.0
python/Rounding.qmd,setuptools,82.0.0
python/Rounding.qmd,wheel,0.46.3
python/Summary_statistics.qmd,packaging,26.0
python/Summary_statistics.qmd,setuptools,82.0.0
python/Summary_statistics.qmd,wheel,0.46.3
python/ancova.qmd,packaging,26.0
python/ancova.qmd,setuptools,82.0.0
python/ancova.qmd,wheel,0.46.3
python/anova.qmd,packaging,26.0
python/anova.qmd,setuptools,82.0.0
python/anova.qmd,wheel,0.46.3
python/binomial_test.qmd,packaging,26.0
python/binomial_test.qmd,setuptools,82.0.0
python/binomial_test.qmd,wheel,0.46.3
python/chi-square.qmd,packaging,26.0
python/chi-square.qmd,setuptools,82.0.0
python/chi-square.qmd,wheel,0.46.3
python/correlation.qmd,packaging,26.0
python/correlation.qmd,setuptools,82.0.0
python/correlation.qmd,wheel,0.46.3
python/kruskal_wallis.qmd,packaging,26.0
python/kruskal_wallis.qmd,setuptools,82.0.0
python/kruskal_wallis.qmd,wheel,0.46.3
python/linear_regression.qmd,packaging,26.0
python/linear_regression.qmd,setuptools,82.0.0
python/linear_regression.qmd,wheel,0.46.3
python/logistic_regression.qmd,packaging,26.0
python/logistic_regression.qmd,setuptools,82.0.0
python/logistic_regression.qmd,wheel,0.46.3
python/one_sample_t_test.qmd,packaging,26.0
python/one_sample_t_test.qmd,setuptools,82.0.0
python/one_sample_t_test.qmd,wheel,0.46.3
python/paired_t_test.qmd,packaging,26.0
python/paired_t_test.qmd,setuptools,82.0.0
python/paired_t_test.qmd,wheel,0.46.3
python/skewness_kurtosis.qmd,packaging,26.0
python/skewness_kurtosis.qmd,setuptools,82.0.0
python/skewness_kurtosis.qmd,wheel,0.46.3
python/survey-stats-summary.qmd,gt,4.3.2
python/survey-stats-summary.qmd,packaging,26.0
python/survey-stats-summary.qmd,reticulate,4.3.2
python/survey-stats-summary.qmd,rmarkdown,df99277f63d01c34e95e3d2f06a79736
python/survey-stats-summary.qmd,sessioninfo,3f9796a8d0a0e8c6eb49a4b029359d1f
python/survey-stats-summary.qmd,setuptools,82.0.0
python/survey-stats-summary.qmd,survey,4.3.2
python/survey-stats-summary.qmd,wheel,0.46.3
python/two_samples_t_test.qmd,packaging,26.0
python/two_samples_t_test.qmd,setuptools,82.0.0
python/two_samples_t_test.qmd,wheel,0.46.3
templates/multi_language_template.qmd,rmarkdown,df99277f63d01c34e95e3d2f06a79736
templates/multi_language_template.qmd,sessioninfo,3f9796a8d0a0e8c6eb49a4b029359d1f
templates/single_language_template.qmd,rmarkdown,df99277f63d01c34e95e3d2f06a79736
templates/single_language_template.qmd,sessioninfo,3f9796a8d0a0e8c6eb49a4b029359d1f
templates/single_language_template.qmd,tibble,a84e2cc86d07289b3b6f5069df7a004c
